Iref,0 Ex,0 Ey
0.0,(2.99335045507577e-11-9.724748180229634e-08j),(1.0000000000017881-1.1946608449813804e-08j)
200000.0,(-0.2696369163289936-1.0324334376060077e-07j),(0.9629618253400486-0.0006754925842649456j)
400000.0,(-0.5193001142822256-1.0498399154019262e-07j),(0.8545909541242012-0.0013009358405027178j)
600000.0,(-0.730495455566129-1.0093177119951216e-07j),(0.6829151048638545-0.0018300110476561682j)
800000.0,(-0.8875783603037786-9.009993942185977e-08j),(0.4606513977412788-0.002223526126633857j)
1000000.0,(-0.9789127003860937-7.216121500524858e-08j),(0.20426431676855425-0.0024523308030972952j)
